x,y,z
0.9602051,0.10961914,-0.41845704
0.9650879,0.10620117,-0.41064452
0.9628906,0.114746092,-0.407958968
0.9626465,0.10888672,-0.399414036
0.9655762,0.104003908,-0.4177246
0.9626465,0.10205078,-0.40673828
0.967285168,0.10131836,-0.398925784
0.95947268,0.11425781,-0.42041016
0.9602051,0.11230469,-0.41479492
0.96069336,0.10131836,-0.40673828
0.96191408,0.10961914,-0.422119136
0.9614258,0.1159668,-0.40844728
0.95947268,0.10253906,-0.421142584
0.96240232,0.115234376,-0.4194336
0.9633789,0.11303711,-0.40844728
0.9609375,0.10571289,-0.4038086
0.958251968,0.10546875,-0.42407228
0.963134768,0.09790039,-0.4111328
0.9641113,0.10131836,-0.41235352
0.96191408,0.10253906,-0.415039068
0.9645996,0.10571289,-0.4074707
0.96191408,0.11987305,-0.41967772
0.96240232,0.10180664,-0.41381836
0.96362308,0.10595703,-0.3955078
0.9580078,0.10229492,-0.42089844
0.9655762,0.11010742,-0.4194336
0.95947268,0.103271484,-0.42041016
0.9641113,0.106933592,-0.40942384
0.9628906,0.10473633,-0.41015624
0.9597168,0.10131836,-0.4206543
0.96435544,0.099609376,-0.4206543
0.9638672,0.09765625,-0.40307616
0.95996092,0.10668945,-0.41552734
0.9633789,0.111816408,-0.40307616
0.95581052,0.11254883,-0.41845704
0.9633789,0.11450195,-0.39868164
0.9592285,0.10253906,-0.413574216
0.95581052,0.104003908,-0.42749024
0.96069336,0.10644531,-0.42333984
0.9621582,0.100097656,-0.40722656
0.96069336,0.10449219,-0.416015632
0.9638672,0.104003908,-0.40893556
0.96606448,0.09790039,-0.40820312
0.96191408,0.1081543,-0.39916992
0.96484376,0.11035156,-0.40161132
0.961181632,0.10180664,-0.4182129
0.96240232,0.109375,-0.4033203
0.9667969,0.10791016,-0.3996582
0.9616699,0.1015625,-0.4116211
0.9621582,0.09716797,-0.40844728
0.9597168,0.099853512,-0.413085936
0.9602051,0.10253906,-0.41186524
0.9577637,0.10058594,-0.42407228
0.9589844,0.10522461,-0.42749024
0.95874024,0.115234376,-0.42138672
0.96069336,0.103515624,-0.412109368
0.96191408,0.114746092,-0.41577148
0.9597168,0.1159668,-0.4284668
0.96069336,0.10205078,-0.42236328
0.9602051,0.111816408,-0.404541032
0.9626465,0.10229492,-0.4008789
0.9621582,0.09301758,-0.40771484
0.96191408,0.10864258,-0.43481444
0.961181632,0.10205078,-0.41333008
0.961181632,0.118652344,-0.4152832
0.9621582,0.111816408,-0.41748048
0.95654296,0.10205078,-0.4104004
0.9655762,0.11767578,-0.41235352
0.96777348,0.1003418,-0.4091797
0.9614258,0.09814453,-0.41845704
0.9628906,0.084228516,-0.40771484
0.967041,0.103759768,-0.40893556
0.9650879,0.10986328,-0.40820312
0.9592285,0.10449219,-0.413574216
0.96240232,0.1003418,-0.40942384
0.96484376,0.103515624,-0.40893556
0.9655762,0.109375,-0.42089844
0.9602051,0.10083008,-0.4116211
0.965332032,0.09741211,-0.40893556
0.961181632,0.11035156,-0.413574216
0.96655272,0.10473633,-0.40478516
0.9589844,0.09448242,-0.41088868
0.9616699,0.09692383,-0.40625
0.9650879,0.0922851568,-0.399902336
0.96655272,0.106933592,-0.40893556
0.9589844,0.10131836,-0.4152832
0.96240232,0.10229492,-0.41137696
0.95947268,0.10864258,-0.414550768
0.9567871,0.10424805,-0.420166032
0.95654296,0.10083008,-0.40527344
0.9602051,0.09667969,-0.421142584
0.9602051,0.09765625,-0.4243164
0.9604492,0.09887695,-0.42456056
0.9560547,0.099121096,-0.41992188
0.9638672,0.111572264,-0.41723632
0.958251968,0.10546875,-0.4255371
0.961181632,0.09057617,-0.415039068
0.9675293,0.103271484,-0.40478516
0.9641113,0.11303711,-0.41845704
0.95947268,0.092041016,-0.4116211
0.9538574,0.091796872,-0.4321289
0.95947268,0.0922851568,-0.413085936
0.9577637,0.09790039,-0.412109368
0.9597168,0.10180664,-0.41625976
0.954834,0.099365232,-0.4321289
0.96069336,0.10522461,-0.406982432
0.9562988,0.091796872,-0.4206543
0.9584961,0.09790039,-0.40893556
0.96069336,0.09838867,-0.41723632
0.96069336,0.10131836,-0.4152832
0.9572754,0.099853512,-0.41992188
0.963134768,0.107421868,-0.406494136
0.9641113,0.10522461,-0.412109368
0.95947268,0.10546875,-0.4116211
0.95654296,0.09350586,-0.40966796
0.9641113,0.104003908,-0.4177246
0.9604492,0.09106445,-0.415039068
0.9597168,0.08105469,-0.43481444
0.9562988,0.07519531,-0.4399414
0.9602051,0.088378904,-0.43164062
0.957031232,0.092041016,-0.406005868
0.9597168,0.1003418,-0.40722656
0.96777348,0.10180664,-0.40942384
0.96484376,0.107177736,-0.398925784
0.9614258,0.1081543,-0.42041016
0.9589844,0.092041016,-0.42651368
0.9562988,0.099853512,-0.43188476
0.9626465,0.0949707,-0.413085936
0.9628906,0.091552732,-0.40942384
0.9641113,0.09838867,-0.4091797
0.9604492,0.09448242,-0.40893556
0.96069336,0.09106445,-0.41088868
0.9658203,0.1105957,-0.39868164
0.9655762,0.1105957,-0.391357416
0.9645996,0.10498047,-0.400390632
0.961181632,0.09667969,-0.40625
0.9645996,0.095947268,-0.406494136
0.9645996,0.099609376,-0.40625
0.96191408,0.09887695,-0.4152832
0.9560547,0.095458984,-0.415039068
0.9616699,0.104003908,-0.41992188
0.9621582,0.09082031,-0.42578124
0.9614258,0.0949707,-0.421142584
0.96191408,0.09863281,-0.41992188
0.97875976,0.107421868,-0.39453124
0.9604492,0.0871582,-0.41064452
1.0,0.2746582,-0.447265632
0.9609375,0.099121096,-0.37353516
0.98461912,0.1394043,-0.28515624
1.0058594,0.18798828,-0.30200196
0.9831543,0.076171868,-0.31811524
1.0124512,0.168457032,-0.24853516
1.0097656,0.13183594,-0.246582032
1.0107422,0.14819336,-0.21899414
1.0026856,0.14038086,-0.2553711
1.0195312,0.14135742,-0.23632812
1.0192871,0.13378906,-0.21923828
1.0229492,0.17700196,-0.20947266
1.0251465,0.14111328,-0.2055664
1.0114746,0.12817383,-0.22509766
1.020752,0.16308594,-0.23632812
1.0327148,0.13867188,-0.19702148
1.0192871,0.13500976,-0.1977539
1.0148926,0.15625,-0.22436524
1.0300293,0.1430664,-0.18725586
1.0102539,0.14770508,-0.22631836
1.0212402,0.15234375,-0.213867184
1.0297852,0.14697266,-0.1809082
1.0285644,0.168945316,-0.15942383
1.0266113,0.15014648,-0.1743164
1.027832,0.15698242,-0.15454102
1.0307617,0.16259766,-0.17700196
1.0285644,0.15136719,-0.16577148
1.0412598,0.24804688,-0.17407226
1.0131836,0.020751954,-0.1796875
1.0290527,0.16088867,-0.168945316
1.0317383,0.12402344,-0.176757808
1.0273438,0.13623047,-0.1965332
1.0305176,0.16918946,-0.17163086
1.0197754,0.11279297,-0.1850586
1.0292969,0.14526367,-0.15698242
1.0341797,0.15991211,-0.15893554
1.0148926,0.10961914,-0.215332032
1.0297852,0.12353516,-0.18554688
1.0187988,0.14013672,-0.21362304
1.0258789,0.103759768,-0.17138672
1.0292969,0.11450195,-0.183593744
1.0270996,0.14233398,-0.19750976
1.0239258,0.13012696,-0.18530274
1.0241699,0.10839844,-0.17773438
1.0307617,0.1394043,-0.17993164
1.0224609,0.114746092,-0.19506836
1.0229492,0.10986328,-0.20361328
1.0241699,0.115478516,-0.191406252
1.0270996,0.12792969,-0.1821289
1.0222168,0.13232422,-0.1809082
1.0263672,0.13500976,-0.18554688
1.0224609,0.11669922,-0.19799804
1.0222168,0.12475586,-0.2097168
1.0251465,0.12402344,-0.2019043
1.029541,0.15576172,-0.21948242
1.0246582,0.13745117,-0.20458984
1.0244141,0.119628904,-0.19311524
1.0270996,0.12011719,-0.18920898
1.029541,0.13330078,-0.19799804
1.0258789,0.1262207,-0.198974608
1.0205078,0.1184082,-0.19360352
1.0239258,0.13061524,-0.223144532
1.0268555,0.11328125,-0.18554688
1.0249024,0.12109375,-0.183837884
1.0270996,0.12768554,-0.19750976
1.0187988,0.13793946,-0.198242192
1.0234375,0.11669922,-0.18701172
1.0322266,0.11791992,-0.21142578
1.0234375,0.123291016,-0.18530274
1.0263672,0.12524414,-0.1899414
1.0234375,0.12841797,-0.198486332
1.0263672,0.15014648,-0.19335938
1.0285644,0.13647461,-0.214843736
1.0019531,0.018066406,-0.190673832
0.96606448,-0.4230957,-0.2932129
1.0314942,0.2800293,-0.19384766
1.0224609,0.20263672,-0.1821289
1.0168457,0.19628906,-0.1743164
1.0195312,0.22607422,-0.17041016
1.0292969,0.24243164,-0.15307617
1.0166016,0.18701172,-0.13549804
1.0146484,0.199951168,-0.15991211
1.0195312,0.230224616,-0.15332031
1.0117188,0.22607422,-0.168701168
1.019043,0.29711914,-0.176269532
1.0185547,0.2553711,-0.15307617
1.010498,0.27392578,-0.1550293
1.0100098,0.25317384,-0.17163086
1.0024414,0.22802734,-0.18164062
1.0078125,0.1821289,-0.1303711
0.992431632,0.30981444,-0.107421868
1.0109863,0.27124024,-0.10644531
1.0048828,0.30664062,-0.15429688
0.9963379,0.26611328,-0.198730468
0.9987793,0.32177734,-0.1418457
1.0070801,0.3149414,-0.12963867
0.99731448,0.29785156,-0.15014648
0.994384736,0.3178711,-0.13842774
0.998291,0.32861328,-0.14013672
0.9914551,0.29345704,-0.1616211
1.0021973,0.32348632,-0.13085938
0.994384736,0.31591796,-0.1508789
0.99780268,0.32128906,-0.13891602
0.9968262,0.3251953,-0.17895508
0.99121096,0.3095703,-0.175781252
0.9926758,0.31103516,-0.15014648
1.0043945,0.31298828,-0.17456054
0.9968262,0.29541016,-0.12695312
0.9929199,0.32543944,-0.14160156
0.9929199,0.31860352,-0.15795898
0.9875488,0.30737304,-0.15307617
0.9909668,0.34594728,-0.183837884
0.9963379,0.32666016,-0.122802732
0.9938965,0.31176758,-0.14526367
0.99316408,0.33154296,-0.14697266
0.9892578,0.32641602,-0.14794922
0.9904785,0.3034668,-0.12182617
0.99487304,0.35375976,-0.175048832
0.9892578,0.31689452,-0.13769531
0.9890137,0.350097668,-0.15307617
0.9890137,0.34375,-0.14526367
0.98779292,0.33862304,-0.12939453
0.9885254,0.30981444,-0.14038086
0.9909668,0.3461914,-0.17700196
0.9892578,0.33862304,-0.15185547
0.9873047,0.343017568,-0.13623047
0.9926758,0.34472656,-0.13354492
0.9819336,0.29711914,-0.16040039
0.9916992,0.3161621,-0.10644531
0.9958496,0.32495116,-0.14379883
0.9929199,0.337402336,-0.16308594
0.9914551,0.31469728,-0.15478516
0.99194332,0.31713868,-0.15209961
0.9934082,0.3359375,-0.14941406
0.98217776,0.3046875,-0.16674804
0.99609376,0.32836914,-0.0949707
0.9880371,0.33374024,-0.1508789
0.994384736,0.3413086,-0.14477539
0.98779292,0.33007812,-0.1394043
0.994384736,0.32421876,-0.13916016
0.994384736,0.34716796,-0.183105468
0.99560544,0.3371582,-0.12426758
0.9909668,0.33544922,-0.15649414
0.98779292,0.3166504,-0.1496582
0.9946289,0.33251952,-0.13378906
0.9951172,0.33666992,-0.14453125
0.9902344,0.32250976,-0.13452148
0.9902344,0.3400879,-0.16040039
0.9914551,0.3251953,-0.14892578
0.9968262,0.34155272,-0.14697266
0.9904785,0.31835938,-0.15649414
0.9880371,0.33203124,-0.16210938
0.9897461,0.3034668,-0.103515624
0.9902344,0.30639648,-0.14233398
0.9941406,0.32885742,-0.14379883
0.9916992,0.32836914,-0.13891602
0.9902344,0.33813476,-0.17016602
0.9904785,0.336425784,-0.1303711
0.9892578,0.337890632,-0.13061524
0.98828125,0.32836914,-0.15844726
0.9897461,0.32592772,-0.15161133
0.98876952,0.30859376,-0.12646484
0.99560544,0.32226562,-0.14428711
0.9926758,0.30688476,-0.140625
0.9916992,0.34838868,-0.14453125
0.98168948,0.2631836,-0.16674804
0.9851074,0.3227539,-0.12475586
0.9890137,0.31274414,-0.14379883
0.9875488,0.32641602,-0.16137696
0.9914551,0.32910156,-0.168701168
0.9995117,0.3310547,-0.14013672
0.9875488,0.34155272,-0.16015625
0.9892578,0.31860352,-0.13891602
0.9873047,0.343017568,-0.15307617
0.9968262,0.34179688,-0.15039062
0.992431632,0.33081056,-0.12792969
0.9909668,0.31933594,-0.13208008
0.986084,0.33569336,-0.15161133
0.99072264,0.34106444,-0.1430664
0.9938965,0.3400879,-0.16186524
1.0024414,0.368164068,-0.15527344
0.9794922,0.25146484,-0.15600586
0.9938965,0.3149414,-0.13476562
0.9880371,0.37695312,-0.13842774
0.9885254,0.33544922,-0.13256836
0.989501936,0.27954102,-0.1381836
0.9987793,0.2902832,-0.13305664
1.0063476,0.31420898,-0.14013672
1.0136719,0.32836914,-0.14160156
0.9951172,0.28125,-0.13305664
1.0009766,0.3244629,-0.09106445
1.0134277,0.27856444,-0.14892578
1.0114746,0.2397461,-0.095703128
1.0161133,0.30151368,-0.12060547
1.0168457,0.3137207,-0.16455078
1.0361328,0.26245116,-0.11352539
1.0031738,0.28955078,-0.15795898
1.0092774,0.2097168,-0.06689453
1.012207,0.16479492,-0.10424805
1.0371094,0.26123048,-0.10131836
1.0197754,0.10498047,-0.10449219
1.0227051,0.15234375,-0.043701172
1.0214844,0.15942383,-0.072509768
1.0285644,0.190673832,-0.09057617
1.0407715,0.27319336,-0.123291016
1.0371094,0.37402344,-0.16699219
1.0368652,0.17236328,-0.11328125
1.0205078,0.16308594,-0.10107422
1.0383301,0.15771484,-0.1027832
1.0227051,0.15136719,-0.09472656
1.0280762,0.1550293,-0.09301758
1.0344238,0.14624024,-0.1027832
1.0351562,0.16186524,-0.1027832
1.0380859,0.15600586,-0.0922851568
1.0415039,0.1508789,-0.087890624
0.983398464,-0.2536621,-0.10888672
0.99902344,0.05493164,-0.020263672
1.026123,0.33007812,-0.07006836
1.0153808,0.40771484,-0.16186524
1.0075684,0.223632816,-0.1237793
0.9975586,0.337402336,-0.15698242
0.9970703,0.29296876,-0.15429688
1.0063476,0.32177734,-0.09448242
0.98461912,0.2956543,-0.214843736
0.9855957,0.26782228,-0.15039062
1.0078125,0.37231444,-0.16503906
0.9953613,0.3071289,-0.14013672
0.9929199,0.28637696,-0.04638672
0.9890137,0.34887696,-0.1796875
0.9790039,0.28564452,-0.0925293
0.9814453,0.36499024,-0.095703128
0.9863281,0.3713379,-0.08666992
0.9934082,0.39819336,-0.14819336
0.9658203,0.32006836,-0.17797852
0.98413084,0.36547852,-0.1015625
0.9863281,0.38061524,-0.063964844
0.98706056,0.3762207,-0.08642578
0.97998052,0.3808594,-0.11767578
0.97998052,0.38549804,-0.15795898
0.9782715,0.375,-0.103515624
0.986084,0.3720703,-0.12182617
0.9824219,0.36791992,-0.08227539
0.9819336,0.38061524,-0.14428711
0.9863281,0.39624024,-0.12792969
0.98168948,0.35742188,-0.123046872
0.9765625,0.366210936,-0.10791016
0.9777832,0.38354492,-0.10864258
0.9770508,0.37646484,-0.14428711
0.9758301,0.3791504,-0.12475586
0.9790039,0.3708496,-0.13305664
0.9797363,0.376708984,-0.09277344
0.9770508,0.36645508,-0.14111328
0.9797363,0.36791992,-0.10083008
0.97802732,0.37646484,-0.11352539
0.9729004,0.33325196,-0.107666016
0.9733887,0.34643556,-0.12524414
0.9741211,0.32592772,-0.14160156
0.9868164,0.3684082,-0.068847656
0.9836426,0.36376952,-0.111572264
0.983398464,0.359619136,-0.125
0.980468736,0.35180664,-0.10839844
0.9831543,0.37768556,-0.110839836
0.9802246,0.36645508,-0.12182617
0.97802732,0.3803711,-0.1262207
0.97680664,0.36328124,-0.13842774
0.98291016,0.36987304,-0.123291016
0.98461912,0.3623047,-0.12988281
0.9848633,0.3798828,-0.13208008
0.98168948,0.388916,-0.11425781
0.9836426,0.35839844,-0.13208008
0.9929199,0.37548828,-0.12353516
0.99487304,0.44018556,-0.1394043
0.9848633,0.33447266,-0.15405274
1.0061035,0.3798828,-0.1484375
0.9992676,0.3334961,-0.1430664
0.9875488,0.2211914,-0.07739258
1.0075684,0.29052734,-0.12548828
1.010498,0.26611328,-0.111572264
1.0063476,0.246337884,-0.08691406
1.0119629,0.27294922,-0.09375
1.0114746,0.22827148,-0.09423828
1.0136719,0.2121582,-0.122558592
1.0246582,0.296875,-0.106933592
0.9182129,0.3154297,-0.175781252
1.0031738,0.091308592,-0.0009765625
1.0141602,0.1496582,-0.091796872
1.0366211,0.2836914,-0.104003908
1.0319824,0.19750976,-0.06347656
1.0175781,0.17456054,-0.10449219
1.0266113,0.26489258,-0.11621094
1.0336914,0.25024414,-0.107666016
1.0117188,0.12060547,-0.05517578
1.0124512,0.15795898,-0.056884764
1.0307617,0.191650384,-0.08984375
1.0471192,0.060302736,-0.052490236
1.0307617,0.20825196,-0.10913086
1.0297852,0.17993164,-0.08325195
1.0546875,0.19799804,-0.052734376
1.0231934,0.18969726,-0.07543945
1.0349121,0.17382812,-0.049072264
1.0280762,0.18115234,-0.09106445
1.0356445,0.19384766,-0.07128906
1.0300293,0.18945312,-0.09277344
1.0375976,0.20385742,-0.092041016
1.0302734,0.17944336,-0.07495117
1.0222168,0.18554688,-0.0637207
1.0314942,0.21020508,-0.08154297
1.0288086,0.199218752,-0.0795898436
1.0351562,0.18701172,-0.08203125
1.0300293,0.1904297,-0.09057617
1.0283203,0.1862793,-0.079833984
1.0305176,0.18945312,-0.08496094
1.0302734,0.191894532,-0.09887695
1.0300293,0.17456054,-0.0795898436
1.0270996,0.1772461,-0.091552732
1.0317383,0.171875,-0.08520508
1.0339356,0.1772461,-0.071777348
1.0307617,0.183593744,-0.08935547
1.0332031,0.1904297,-0.08081055
1.0280762,0.182617184,-0.08496094
1.0285644,0.16772461,-0.08935547
1.0336914,0.191650384,-0.09082031
1.0310058,0.18652344,-0.07470703
1.0334473,0.17944336,-0.0871582
1.03125,0.17822266,-0.083496092
1.0324707,0.175537108,-0.08520508
1.0356445,0.19677734,-0.09033203
1.03125,0.18066406,-0.07788086
1.0266113,0.17211914,-0.0766601536
1.027832,0.17016602,-0.084472652
1.0354004,0.18237304,-0.08618164
1.036377,0.17333984,-0.0925293
1.036377,0.17016602,-0.08959961
1.0319824,0.1845703,-0.09057617
1.0390625,0.174804684,-0.076171868
1.0349121,0.17333984,-0.080566408
1.0356445,0.175781252,-0.07446289
1.0336914,0.16992188,-0.07910156
1.0253906,0.16748047,-0.095458984
1.0349121,0.1821289,-0.09082031
1.0302734,0.1772461,-0.10180664
1.0341797,0.18579102,-0.087402344
1.03125,0.17797852,-0.08227539
1.0334473,0.17456054,-0.091308592
1.0288086,0.17114258,-0.07348633
1.0332031,0.17407226,-0.068115232
1.0334473,0.175781252,-0.08520508
1.0305176,0.18481446,-0.0949707
1.0327148,0.1628418,-0.07519531
1.0361328,0.18237304,-0.091552732
1.0322266,0.171875,-0.099853512
1.0297852,0.18139648,-0.07885742
1.0332031,0.17895508,-0.07788086
1.0336914,0.176025392,-0.068115232
1.0292969,0.1652832,-0.099853512
1.0263672,0.12011719,-0.107666016
1.0383301,0.183349616,-0.0871582
1.0349121,0.18774414,-0.09887695
1.0314942,0.17016602,-0.08642578
1.0141602,0.176269532,-0.13598633
1.027832,0.17333984,-0.13110352
1.0170898,0.08129883,-0.12939453
1.0349121,0.21923828,-0.084228516
1.0180664,0.1796875,-0.11010742
1.019043,0.199951168,-0.107421868
1.0344238,0.27246094,-0.08984375
1.0217285,0.26220704,-0.10205078
1.013916,0.24414062,-0.1171875
1.0148926,0.22583008,-0.13745117
1.0202637,0.2512207,-0.12182617
1.015625,0.24243164,-0.10961914
1.019043,0.27856444,-0.10253906
1.0170898,0.26757812,-0.115478516
1.0126953,0.25708008,-0.099121096
1.0129394,0.2512207,-0.12207031
1.0112305,0.25585938,-0.104003908
1.0134277,0.24902344,-0.13061524
1.0124512,0.22167969,-0.10083008
0.97265624,0.19604492,-0.1640625
1.0224609,0.2824707,-0.12841797
1.0124512,0.25048828,-0.12133789
1.0136719,0.26904296,-0.12841797
1.0134277,0.28076172,-0.0925293
1.0112305,0.27734376,-0.118652344
1.0102539,0.26416016,-0.115722652
1.0144043,0.25341796,-0.13500976
1.0185547,0.28076172,-0.115234376
1.0136719,0.27148438,-0.1340332
1.0102539,0.25097656,-0.11743164
1.0085449,0.25708008,-0.095458984
1.0148926,0.2602539,-0.10888672
1.012207,0.25317384,-0.11352539
1.0163574,0.26611328,-0.114746092
1.0117188,0.2680664,-0.11230469
1.0097656,0.2590332,-0.1315918
1.017334,0.28930664,-0.10888672
1.0107422,0.26416016,-0.11303711
1.0158692,0.26611328,-0.09887695
1.0063476,0.2565918,-0.13769531
1.0222168,0.2878418,-0.111816408
1.0087891,0.25048828,-0.11450195
1.0107422,0.2614746,-0.111328132
1.0092774,0.2668457,-0.11352539
1.0161133,0.28930664,-0.119628904
1.0100098,0.27954102,-0.11816406
1.0092774,0.24169922,-0.11010742
1.0131836,0.2770996,-0.13208008
1.0117188,0.2734375,-0.11376953
1.0097656,0.26098632,-0.123291016
1.0144043,0.2668457,-0.119140624
1.0107422,0.28295898,-0.11743164
1.0153808,0.27563476,-0.11279297
1.0073242,0.26123048,-0.14453125
1.0109863,0.2614746,-0.11987305
1.0109863,0.2607422,-0.12158203
1.0119629,0.26416016,-0.14428711
1.0102539,0.25830078,-0.12451172
1.0163574,0.28125,-0.109375
1.0073242,0.28393556,-0.111816408
1.0107422,0.2770996,-0.11987305
1.0019531,0.265625,-0.12060547
1.0175781,0.25048828,-0.12841797
1.0170898,0.26757812,-0.119628904
1.010498,0.26293944,-0.10522461
1.0046387,0.25390624,-0.1184082
1.012207,0.27270508,-0.10083008
1.0136719,0.27783204,-0.12573242
1.0146484,0.26904296,-0.11450195
1.015625,0.25976562,-0.109375
1.010498,0.24926758,-0.13745117
1.012207,0.25317384,-0.10791016
1.0185547,0.27246094,-0.11376953
1.0114746,0.246826168,-0.12597656
1.0112305,0.26782228,-0.11401367
1.0124512,0.25854492,-0.091552732
1.0092774,0.25952148,-0.103515624
1.0141602,0.26464844,-0.10864258
1.0097656,0.26123048,-0.11401367
1.0119629,0.26049804,-0.12451172
1.0148926,0.26220704,-0.09863281
1.012207,0.25805664,-0.11816406
1.0163574,0.26757812,-0.11450195
1.0087891,0.2602539,-0.13134766
1.0119629,0.2607422,-0.11694336
1.0114746,0.25195312,-0.111328132
1.0134277,0.26245116,-0.11694336
1.0114746,0.27294922,-0.118652344
1.0085449,0.26000976,-0.11206055
1.0148926,0.27197266,-0.118896488
1.0148926,0.28100586,-0.122802732
1.0117188,0.25610352,-0.107421868
1.013916,0.2512207,-0.10424805
1.0161133,0.26513672,-0.12109375
1.0136719,0.26660156,-0.09692383
1.0131836,0.26245116,-0.095703128
1.0148926,0.25732422,-0.109375
1.0109863,0.25805664,-0.096191408
1.0141602,0.23657226,-0.12451172
1.013916,0.25610352,-0.0952148432
1.0168457,0.26611328,-0.12060547
1.0126953,0.24365234,-0.11669922
1.0178223,0.25512696,-0.12548828
1.0180664,0.25756836,-0.103027348
1.0158692,0.26782228,-0.11621094
1.0114746,0.26098632,-0.111816408
1.013916,0.27246094,-0.103515624
1.0185547,0.2565918,-0.10522461
1.0141602,0.25952148,-0.1105957
1.0131836,0.245849616,-0.118896488
1.0185547,0.2614746,-0.107666016
1.0168457,0.27246094,-0.11694336
1.0161133,0.24975586,-0.12646484
1.0124512,0.2553711,-0.115478516
1.0078125,0.26123048,-0.110839836
1.0126953,0.26220704,-0.09741211
1.0119629,0.26220704,-0.12670898
1.0170898,0.26660156,-0.11645508
1.0134277,0.26391602,-0.12548828
1.0136719,0.25756836,-0.11669922
1.0151367,0.27124024,-0.10424805
1.0146484,0.26123048,-0.111328132
1.0170898,0.2614746,-0.11694336
1.0126953,0.25732422,-0.1184082
1.0100098,0.26660156,-0.11376953
1.015625,0.27319336,-0.111816408
1.012207,0.2578125,-0.11425781
1.0151367,0.24438476,-0.10668945
1.0151367,0.26953124,-0.125
1.0119629,0.26904296,-0.10546875
1.0126953,0.25317384,-0.11694336
1.0102539,0.246337884,-0.12426758
1.013916,0.25463868,-0.12573242
1.0151367,0.27075196,-0.12426758
1.012207,0.26367188,-0.12939453
1.0151367,0.26000976,-0.1184082
1.015625,0.26416016,-0.11669922
1.010498,0.25024414,-0.10620117
1.0107422,0.26367188,-0.11376953
1.0153808,0.2775879,-0.099365232
1.0161133,0.25708008,-0.08959961
1.0144043,0.27783204,-0.11987305
1.015625,0.27172852,-0.10546875
1.0080566,0.25097656,-0.103515624
1.0134277,0.25732422,-0.1237793
1.0141602,0.26708984,-0.111083984
1.0085449,0.24438476,-0.11791992
1.0153808,0.25268556,-0.12524414
1.0151367,0.2626953,-0.11206055
1.0200195,0.2529297,-0.10644531
1.0126953,0.2631836,-0.12182617
1.0100098,0.24853516,-0.12182617
1.0161133,0.28076172,-0.119140624
1.0126953,0.265625,-0.11645508
1.013916,0.26635742,-0.14208984
1.0161133,0.25170898,-0.10180664
1.0117188,0.2692871,-0.099853512
1.0100098,0.26464844,-0.10791016
1.0200195,0.27905272,-0.119140624
1.0117188,0.25512696,-0.10205078
1.0107422,0.2487793,-0.12451172
1.0136719,0.25927734,-0.1105957
1.0134277,0.26049804,-0.11376953
1.0131836,0.25708008,-0.11279297
1.0107422,0.2680664,-0.11254883
1.0100098,0.26416016,-0.122802732
1.0163574,0.27368164,-0.12646484
1.0068359,0.25878906,-0.12133789
1.0146484,0.27246094,-0.10205078
1.0109863,0.2763672,-0.10595703
1.010498,0.25854492,-0.1237793
1.0136719,0.26611328,-0.12451172
1.0129394,0.2536621,-0.13989258
1.0202637,0.25170898,-0.111572264
1.0180664,0.25390624,-0.11035156
1.0146484,0.25439452,-0.1159668
1.0087891,0.26391602,-0.1159668
1.0107422,0.26733398,-0.1184082
1.0117188,0.26879884,-0.122558592
1.010498,0.25146484,-0.12866211
1.0158692,0.26733398,-0.11401367
1.0131836,0.28149414,-0.11254883
1.0095215,0.25585938,-0.10839844
1.0117188,0.27001952,-0.10961914
1.0141602,0.26831056,-0.100097656
1.0114746,0.26538086,-0.122558592
1.0148926,0.25512696,-0.1081543
1.0114746,0.26171876,-0.115234376
1.017334,0.26098632,-0.09814453
1.0141602,0.2697754,-0.13012696
1.0092774,0.237548832,-0.11425781
1.0134277,0.25952148,-0.111816408
1.0131836,0.2614746,-0.111572264
1.0117188,0.2553711,-0.11352539
1.0090332,0.25976562,-0.12060547
1.0136719,0.25634766,-0.125
1.0131836,0.26367188,-0.114746092
1.0180664,0.28173828,-0.12060547
1.0141602,0.2626953,-0.1274414
1.0124512,0.26171876,-0.118652344
1.0078125,0.26513672,-0.11791992
1.0114746,0.25268556,-0.11645508
1.0117188,0.25976562,-0.12792969
1.0083008,0.25024414,-0.14257812
1.0124512,0.25219728,-0.11303711
1.0161133,0.26367188,-0.10913086
1.0134277,0.2602539,-0.12841797
1.0124512,0.26098632,-0.11425781
1.0112305,0.2602539,-0.10571289
1.0158692,0.26611328,-0.11816406
1.0112305,0.2512207,-0.12402344
1.0134277,0.2668457,-0.11694336
1.0095215,0.25805664,-0.12548828
1.015625,0.2626953,-0.12353516
1.0114746,0.24731446,-0.11303711
1.0102539,0.2470703,-0.12866211
1.0168457,0.26660156,-0.114990232
1.0141602,0.26757812,-0.12475586
1.013916,0.2512207,-0.1184082
1.0136719,0.2487793,-0.12133789
1.0119629,0.2705078,-0.12963867
1.0151367,0.2626953,-0.11987305
1.013916,0.26708984,-0.12524414
1.0112305,0.2397461,-0.12353516
1.0148926,0.2578125,-0.11206055
1.0100098,0.2565918,-0.12182617
1.0119629,0.25195312,-0.11694336
1.0168457,0.26342772,-0.111328132
1.0124512,0.26733398,-0.1352539
1.0119629,0.2631836,-0.12182617
1.0148926,0.25219728,-0.122558592
1.0119629,0.25146484,-0.123046872
1.0153808,0.24047852,-0.088134768
1.0117188,0.27270508,-0.1328125
1.0126953,0.26000976,-0.13623047
1.0141602,0.26049804,-0.12402344
1.0078125,0.25463868,-0.12768554
1.013916,0.27270508,-0.12695312
1.010498,0.27172852,-0.13427734
1.0097656,0.26611328,-0.1262207
1.0102539,0.26708984,-0.10864258
1.0090332,0.25561524,-0.11328125
1.0117188,0.25927734,-0.14257812
1.0153808,0.27441406,-0.1262207
1.0117188,0.27539062,-0.1184082
1.0065918,0.25683594,-0.12451172
1.0136719,0.26757812,-0.13330078
1.0134277,0.27685548,-0.1328125
1.0126953,0.2553711,-0.1430664
1.0136719,0.25756836,-0.12548828
1.010498,0.2705078,-0.12158203
1.012207,0.2626953,-0.12133789
1.0117188,0.26391602,-0.11645508
1.0151367,0.26000976,-0.12011719
1.0166016,0.2607422,-0.12353516
1.0161133,0.26171876,-0.114990232
1.0061035,0.2524414,-0.09667969
1.010498,0.2614746,-0.107421868
1.0134277,0.2680664,-0.12036133
1.0124512,0.25683594,-0.13916016
1.0146484,0.25146484,-0.12011719
1.0109863,0.25732422,-0.1171875
1.0112305,0.25732422,-0.1105957
1.0107422,0.26489258,-0.11743164
1.0134277,0.25878906,-0.11816406
1.012207,0.25463868,-0.12792969
1.0153808,0.25683594,-0.12133789
1.0107422,0.2705078,-0.13208008
1.0124512,0.2680664,-0.12963867
1.0119629,0.26367188,-0.10107422
1.0095215,0.24804688,-0.11303711
1.0114746,0.26049804,-0.12670898
1.0131836,0.26220704,-0.12207031
1.012207,0.25170898,-0.12475586
1.0192871,0.25024414,-0.10571289
1.012207,0.265625,-0.12207031
1.0146484,0.26660156,-0.13696289
1.0114746,0.26513672,-0.13476562
1.0107422,0.26538086,-0.11279297
1.0126953,0.26513672,-0.12695312
1.0144043,0.25024414,-0.11645508
1.0124512,0.26342772,-0.12011719
1.0117188,0.27026368,-0.12719726
1.0131836,0.26245116,-0.12060547
1.0141602,0.24951172,-0.119384768
1.0100098,0.2614746,-0.13452148
1.0083008,0.238769532,-0.13476562
1.0087891,0.26342772,-0.119384768
1.0146484,0.25708008,-0.11328125
1.012207,0.24414062,-0.115722652
1.0144043,0.25805664,-0.110839836
1.0141602,0.2541504,-0.10913086
1.0065918,0.26904296,-0.1640625
0.97314456,0.27612304,-0.16088867
1.0270996,0.2524414,-0.10595703
1.0117188,0.25170898,-0.15063476
1.0,0.23486328,-0.17797852
0.8503418,0.2849121,-0.19335938
1.0002442,0.26489258,-0.2607422
1.0222168,0.2619629,-0.13061524
0.9975586,0.19311524,-0.171875
1.0100098,0.2355957,-0.1772461
1.0087891,0.25634766,-0.16625976
1.0070801,0.23291016,-0.1809082
1.0080566,0.22583008,-0.16235352
1.0095215,0.23657226,-0.19458008
1.0126953,0.245605468,-0.1784668
1.0109863,0.24804688,-0.16137696
1.0083008,0.25170898,-0.16699219
1.0114746,0.24731446,-0.16308594
1.0109863,0.24731446,-0.1821289
1.0146484,0.26000976,-0.1694336
1.0039062,0.24243164,-0.17700196
1.0012207,0.23388672,-0.1965332
1.0119629,0.24291992,-0.17749024
1.0058594,0.2421875,-0.1784668
1.0095215,0.238769532,-0.18725586
1.0136719,0.24975586,-0.1887207
1.0107422,0.246337884,-0.14111328
1.0092774,0.2211914,-0.17285156
1.0107422,0.24780274,-0.16918946
1.0092774,0.2512207,-0.19360352
1.0483398,0.25756836,-0.13574219
1.0153808,0.2529297,-0.14892578
1.0095215,0.238037108,-0.19384766
1.0119629,0.24072266,-0.16625976
1.0095215,0.24389648,-0.16308594
1.0100098,0.2409668,-0.18066406
1.0056152,0.22802734,-0.168212892
1.0166016,0.24780274,-0.168701168
1.0056152,0.23999024,-0.18041992
1.0107422,0.246826168,-0.17041016
1.0109863,0.245849616,-0.17016602
1.0039062,0.2470703,-0.19506836
1.0080566,0.238525392,-0.17993164
1.0041504,0.24047852,-0.168945316
1.0107422,0.24389648,-0.184082032
1.0058594,0.23364258,-0.174804684
1.0090332,0.2446289,-0.175048832
1.0080566,0.2446289,-0.18237304
1.005127,0.24804688,-0.16918946
1.0117188,0.24926758,-0.18530274
1.0100098,0.2475586,-0.17700196
1.0109863,0.237548832,-0.184326168
1.0102539,0.25268556,-0.18066406
1.0087891,0.238525392,-0.17797852
1.0136719,0.24731446,-0.183349616
1.0075684,0.2409668,-0.17993164
1.0048828,0.2397461,-0.191894532
1.0146484,0.24804688,-0.16333008
1.0073242,0.24023438,-0.17114258
1.0100098,0.24389648,-0.1784668
1.0112305,0.23706054,-0.18066406
1.0126953,0.23461914,-0.16137696
1.0046387,0.237304684,-0.18164062
1.0053711,0.2512207,-0.183349616
1.0109863,0.25073242,-0.175537108
1.0114746,0.25854492,-0.17138672
1.0068359,0.24975586,-0.183105468
1.0085449,0.24804688,-0.174804684
1.0092774,0.24145508,-0.16967774
1.0141602,0.24243164,-0.18530274
1.0146484,0.24926758,-0.17871094
1.0112305,0.245605468,-0.18237304
1.0080566,0.246337884,-0.19702148
1.0068359,0.238525392,-0.183593744
1.0073242,0.2553711,-0.1796875
1.0092774,0.25390624,-0.175292976
1.0007324,0.23242188,-0.19604492
1.0080566,0.246582032,-0.17333984
1.0109863,0.237792976,-0.16918946
1.012207,0.24926758,-0.16918946
1.0061035,0.245361332,-0.17700196
1.0063476,0.246093744,-0.176757808
1.0087891,0.230957032,-0.16503906
1.0114746,0.246093744,-0.16625976
1.0097656,0.25585938,-0.18701172
1.005127,0.239013668,-0.18652344
1.0073242,0.23583984,-0.192382816
1.0117188,0.25048828,-0.18188476
1.0070801,0.246582032,-0.191650384
1.0083008,0.24145508,-0.18969726
1.0039062,0.23535156,-0.199462892
1.0058594,0.246582032,-0.18164062
1.0100098,0.25170898,-0.17871094
1.0073242,0.246826168,-0.18945312
1.0092774,0.2434082,-0.17871094
1.0070801,0.23608398,-0.1887207
1.0087891,0.238037108,-0.168701168
1.0119629,0.23950196,-0.19482422
1.0075684,0.238769532,-0.17407226
1.0065918,0.238037108,-0.18530274
1.0112305,0.24194336,-0.183349616
1.0058594,0.24121094,-0.18725586
1.0087891,0.246826168,-0.18115234
1.0087891,0.25317384,-0.17211914
1.0061035,0.23535156,-0.18896484
1.0070801,0.25195312,-0.1887207
1.0070801,0.2541504,-0.18579102
1.0073242,0.24267578,-0.183105468
1.0063476,0.23535156,-0.17138672
1.0109863,0.2553711,-0.17797852
1.0053711,0.2446289,-0.191162116
1.0053711,0.24414062,-0.191406252
1.0117188,0.245117184,-0.16967774
1.0109863,0.2368164,-0.16625976
1.0085449,0.24121094,-0.18066406
1.0090332,0.25097656,-0.17749024
1.0080566,0.25146484,-0.17138672
1.0109863,0.2512207,-0.15893554
1.0090332,0.23413086,-0.168457032
1.0053711,0.2331543,-0.17749024
1.0087891,0.246093744,-0.190917968
1.0056152,0.23950196,-0.17700196
1.0109863,0.24194336,-0.17700196
1.0107422,0.25219728,-0.16064453
1.0124512,0.2470703,-0.168945316
1.0119629,0.2487793,-0.16723633
1.0100098,0.24291992,-0.17236328
1.0058594,0.246582032,-0.174804684
1.0024414,0.25073242,-0.18945312
1.0078125,0.2512207,-0.19726562
1.0100098,0.25976562,-0.20117188
1.0014648,0.2524414,-0.21020508
1.0092774,0.238769532,-0.19360352
1.0080566,0.2409668,-0.183105468
1.015625,0.24267578,-0.1586914
1.0134277,0.229980468,-0.14355469
1.0166016,0.21972656,-0.13549804
1.013916,0.222900384,-0.1430664
1.0112305,0.2133789,-0.14257812
1.0114746,0.231201168,-0.17382812
1.0075684,0.2290039,-0.18579102
1.0097656,0.26123048,-0.20263672
1.0083008,0.27001952,-0.1965332
1.0053711,0.25585938,-0.19018554
1.0119629,0.25732422,-0.17797852
1.0085449,0.24438476,-0.18701172
1.0129394,0.24438476,-0.18017578
1.0117188,0.234375,-0.16235352
1.0134277,0.23364258,-0.1472168
1.0092774,0.214843736,-0.15649414
1.0073242,0.230712892,-0.18969726
1.0063476,0.24169922,-0.17236328
1.0092774,0.24438476,-0.1640625
1.0097656,0.24951172,-0.16235352
1.0092774,0.25561524,-0.15942383
1.0095215,0.25732422,-0.168945316
1.012207,0.245605468,-0.15771484
1.0112305,0.2421875,-0.13842774
1.0151367,0.2409668,-0.14648438
1.0114746,0.22167969,-0.15039062
1.0097656,0.23608398,-0.18017578
1.013916,0.2355957,-0.16235352
1.0148926,0.25219728,-0.182861332
1.0109863,0.2446289,-0.199951168
1.003418,0.25341796,-0.176025392
1.0041504,0.25854492,-0.19018554
1.0061035,0.25146484,-0.16601562
1.0090332,0.2607422,-0.175048832
1.0144043,0.26416016,-0.18188476
1.0068359,0.246093744,-0.18139648
1.0112305,0.23510742,-0.1640625
1.0065918,0.24365234,-0.16552734
1.0085449,0.237792976,-0.175537108
1.0075684,0.22094726,-0.18676758
1.0114746,0.23608398,-0.17163086
1.0146484,0.24926758,-0.1640625
1.013916,0.2536621,-0.16748047
1.0131836,0.25073242,-0.167968752
1.0083008,0.23999024,-0.1694336
1.0085449,0.239013668,-0.17797852
1.0058594,0.246093744,-0.17333984
1.0024414,0.245849616,-0.17749024
1.0078125,0.25,-0.1821289
1.0131836,0.25585938,-0.18188476
1.010498,0.2475586,-0.182617184
1.0080566,0.2578125,-0.182861332
1.005127,0.25341796,-0.18139648
1.0056152,0.25463868,-0.18017578
1.0041504,0.25341796,-0.174804684
1.012207,0.2487793,-0.175537108
1.0083008,0.24780274,-0.1845703
1.0085449,0.238037108,-0.176025392
1.0058594,0.25073242,-0.18676758
1.0107422,0.2524414,-0.18164062
1.0100098,0.24316406,-0.18896484
1.0114746,0.24487304,-0.18237304
1.0129394,0.24853516,-0.17773438
1.0065918,0.245361332,-0.18774414
1.0063476,0.238281252,-0.184326168
